[
  {
    "id": "cd7b7b1d-99ff-44d8-b6eb-f5f9210fb45e",
    "data": [
      {
        "text": "manali",
        "alias": "geo-city",
        "meta": "@sys.geo-city",
        "userDefined": true
      },
      {
        "text": " temperature",
        "userDefined": false
      }
    ],
    "isTemplate": false,
    "count": 0,
    "updated": 0
  },
  {
    "id": "07a53586-ea76-4008-8ba8-f6e2048f6ba3",
    "data": [
      {
        "text": "Weather ",
        "userDefined": false
      },
      {
        "text": "Bengaluru",
        "alias": "geo-city",
        "meta": "@sys.geo-city",
        "userDefined": true
      }
    ],
    "isTemplate": false,
    "count": 0,
    "updated": 0
  },
  {
    "id": "198281d8-fb65-46a7-8b50-b2d9ee089c8b",
    "data": [
      {
        "text": "Bangalore",
        "alias": "geo-city",
        "meta": "@sys.geo-city",
        "userDefined": true
      },
      {
        "text": " Weather Status?",
        "userDefined": false
      }
    ],
    "isTemplate": false,
    "count": 0,
    "updated": 0
  },
  {
    "id": "2f3813cd-60d1-4a55-9e22-3229345ffeff",
    "data": [
      {
        "text": "whats the weather in ",
        "userDefined": false
      },
      {
        "text": "mumbai",
        "alias": "geo-city",
        "meta": "@sys.geo-city",
        "userDefined": false
      },
      {
        "text": " ",
        "userDefined": false
      },
      {
        "text": "today",
        "meta": "@sys.ignore",
        "userDefined": false
      }
    ],
    "isTemplate": false,
    "count": 0,
    "updated": 0
  },
  {
    "id": "262a9755-db45-437c-96ab-f471d5c2a4d1",
    "data": [
      {
        "text": "how is weather in ",
        "userDefined": false
      },
      {
        "text": "palwal",
        "alias": "geo-city",
        "meta": "@sys.geo-city",
        "userDefined": false
      }
    ],
    "isTemplate": false,
    "count": 1,
    "updated": 0
  },
  {
    "id": "4f33d6d4-7dbc-47bf-b933-d462024d97d8",
    "data": [
      {
        "text": "Is ",
        "userDefined": false
      },
      {
        "text": "Gurugram",
        "alias": "geo-city",
        "meta": "@sys.geo-city",
        "userDefined": true
      },
      {
        "text": " sunny ",
        "userDefined": false
      },
      {
        "text": "tomorrow",
        "meta": "@sys.ignore",
        "userDefined": true
      }
    ],
    "isTemplate": false,
    "count": 1,
    "updated": 0
  }
]